nhse_ccg_code,ons_ccg_code,total_all,total_male,total_female,male_0_4,male_5_9,male_10_14,male_15_19,male_20_24,male_25_29,male_30_34,male_35_39,male_40_44,male_45_49,male_50_54,male_55_59,male_60_64,male_65_69,male_70_74,male_75_79,male_80_84,male_85_89,male_90_94,male_95,female_0_4,female_5_9,female_10_14,female_15_19,female_20_24,female_25_29,female_30_34,female_35_39,female_40_44,female_45_49,female_50_54,female_55_59,female_60_64,female_65_69,female_70_74,female_75_79,female_80_84,female_85_89,female_90_94,female_95
00C,E38000042,107615,53356,54259,3067,3306,3228,2864,2873,3314,3412,3481,3406,4005,4136,3649,3173,3040,2431,1772,1224,644,276,55,2822,3179,2995,2775,2901,3502,3415,3381,3407,3799,4025,3722,3069,3168,2609,2059,1649,1056,550,176
00D,E38000047,290764,144546,146218,7823,8546,8147,8125,8181,8769,8815,8508,8538,10775,11396,10430,9255,9077,7211,5085,3433,1733,580,119,7265,8142,7831,7485,8043,8870,8459,8437,8592,10682,11257,10543,9187,9371,7575,5746,4389,2780,1188,376
00J,E38000116,256683,126856,129827,6517,6882,6389,8081,10918,8815,8039,7484,7440,8975,9343,8181,7538,7280,6080,4149,2789,1383,466,107,6195,6621,6046,8202,11963,8218,7741,7369,7355,8897,9153,8383,7523,7648,6387,4808,3694,2240,1041,343
00K,E38000075,296092,146796,149296,8831,9556,8706,8522,9492,10030,9718,9066,8823,10535,10892,10136,8598,8148,6030,4383,3099,1626,501,104,8262,9185,8357,8219,9298,9723,9798,9003,8671,10467,11082,10232,8735,8374,6501,5250,4107,2586,1131,315
00L,E38000130,323238,158710,164528,7821,8726,8765,8522,8349,8726,8548,8431,9291,11184,12281,12025,11328,11607,9318,6157,4362,2232,873,164,7448,8220,8086,8131,7899,8464,8647,8855,9400,11786,12858,12595,11512,12223,9862,7252,5441,3585,1722,542
00M,E38000162,295140,148100,147040,8972,9455,8560,8360,10101,10897,10388,9239,8839,10015,10702,9943,8321,7908,6296,4645,3110,1670,570,109,8385,9020,8200,8057,9549,10157,9730,8535,8135,9822,10492,9747,8557,8268,6712,5496,4093,2578,1146,361
00N,E38000163,156365,78462,77903,4232,4405,4025,4087,4873,5567,5394,5057,4889,5849,6107,5635,4872,4483,3410,2447,1782,968,310,70,4001,4265,3900,3909,4388,5056,5203,4650,4438,5365,5869,5631,4809,4644,3630,3023,2447,1658,777,240
00P,E38000176,283951,141956,141995,7459,8108,7562,7746,9108,10429,9745,9005,8763,10724,10726,10138,8555,8039,6004,4432,3162,1661,469,121,6946,7845,7287,7264,9173,9763,9157,8445,8382,10102,10305,9786,8598,8407,6697,5389,4317,2668,1133,331
00Q,E38000014,173403,88041,85362,5928,6317,6070,5756,5907,6225,6455,6150,5995,6409,5889,5142,4307,3999,2970,2072,1416,723,261,50,5666,6130,5808,5357,5375,6098,6230,5717,5370,5906,5417,4882,4218,3879,3130,2391,1814,1232,563,179
00R,E38000015,172823,87388,85435,4719,4692,4648,4511,5036,5934,5643,5285,5289,6789,7267,6283,5147,5053,4261,3089,2099,1149,410,84,4435,4660,4264,4461,5108,5754,5471,4702,4820,6074,6424,5640,4859,5128,4347,3534,2844,1772,857,281
00T,E38000016,305964,154379,151585,10122,10822,9950,9514,9291,10578,10883,10362,10407,11539,10944,9317,7931,7804,6157,4248,2581,1318,518,93,9637,10199,9185,8595,8938,10792,10638,9816,9519,10619,10369,8899,7757,7950,6588,4847,3469,2279,1120,369
00V,E38000024,202045,100774,101271,6432,6764,6286,5685,5748,6657,6901,6780,6596,7426,7713,6546,5317,5465,4308,2897,1908,943,322,80,5928,6510,5880,5294,5592,6806,7017,6670,6392,7217,7319,6297,5415,5488,4660,3427,2698,1603,784,274
00W,E38000032,238218,125537,112681,7647,7703,6767,8074,13947,13196,12819,11892,9769,8803,7348,5515,3921,2722,1914,1572,1129,564,193,42,7263,7265,6517,8561,16700,12224,10652,8778,6699,6149,5482,4205,3174,2498,2004,1803,1382,866,354,105
00X,E38000034,181199,90310,90889,5250,5522,5072,4785,4673,5533,5763,5726,5968,6992,7126,6099,5264,5606,4589,3024,1932,943,365,78,4964,5179,4787,4448,4715,5773,5838,5537,5911,6851,6831,5934,5370,5696,4690,3459,2394,1514,758,240
00Y,E38000135,251660,125904,125756,8719,9207,8689,8099,7679,8722,8846,8480,8313,9217,8740,7613,6251,6024,4636,3297,2006,961,345,60,8467,9082,8353,7533,7568,9000,8916,8235,7543,8455,8271,7160,6226,6244,5192,3883,2774,1781,799,274
01A,E38000050,377854,189537,188317,11645,12443,11730,11161,10954,12650,12596,11874,11977,14139,13723,12392,10781,10949,8464,5571,3683,1963,683,159,11237,12028,10924,10350,10686,12670,12385,11590,11439,13142,13093,12008,10558,10880,8836,6287,4840,3265,1533,566
01C,E38000056,207218,102504,104714,5380,5939,5678,5267,4735,5380,5644,6250,6817,7939,8338,7445,6361,6685,5606,3875,2819,1575,618,153,5045,5585,5326,4947,4395,5387,5782,6272,6666,7996,8236,7228,6275,7012,6119,4565,3635,2534,1245,464
01D,E38000080,230092,115602,114490,7688,8169,7334,6917,6963,8071,8227,7955,7632,8529,8383,7118,6276,5785,4306,2949,1881,968,379,72,7270,7725,6928,6514,6881,8253,8344,7578,7027,7908,7592,7015,6142,5847,4652,3423,2611,1735,794,251
01E,E38000065,213291,106927,106364,6278,6677,6113,6202,8485,7661,7344,7032,7159,7728,7839,6648,5601,5200,4187,3003,2168,1117,390,95,6061,6388,5788,6106,8854,7647,7127,6520,6400,7355,7347,6469,5496,5311,4415,3491,2672,1795,867,255
01F,E38000068,130406,65162,65244,3912,4095,3931,3734,3883,4390,4474,4262,4300,4920,4871,4301,3789,3801,2698,1799,1165,596,200,41,3711,4022,3726,3575,3793,4394,4427,4118,4176,4630,4697,4409,3966,3907,2718,2015,1569,861,425,105
01G,E38000143,266783,135733,131050,8898,9079,7418,7184,9515,12452,12586,10689,8836,9358,9023,7743,6053,5668,4385,3170,2155,1054,383,84,8704,8376,7030,7370,10170,12428,11477,9065,7727,8147,8002,7051,5636,5690,4722,3720,2802,1773,875,285
01H,E38000041,522584,260389,262195,12644,13920,13617,13839,14374,15355,14795,14173,15171,18994,20867,19692,17138,18035,14787,10493,7002,3840,1373,280,11997,13148,12788,13053,13411,14604,14399,13768,14910,19297,20435,19072,17223,18449,15154,11756,9018,5936,2872,905
01J,E38000091,163244,80904,82340,5096,5045,4722,4742,5245,5956,5768,5042,4870,5817,6455,5990,4753,3816,2716,2243,1584,803,207,34,4637,4750,4507,4591,5287,6159,5860,4972,4618,5831,6349,5811,4786,4013,3100,2790,2219,1362,560,138
01K,E38000093,161222,80066,81156,4013,4395,3997,5638,7455,5342,5008,4752,4588,5356,5639,5123,4326,4547,3878,2717,1893,987,349,63,3963,4036,3839,5672,7879,4987,4836,4406,4291,5241,5478,5086,4470,4705,3998,3143,2463,1614,800,249
01M,E38000123,211481,108682,102799,7822,8079,6656,6005,7175,10228,10573,9241,7981,7658,6920,5614,4388,3653,2633,1886,1272,612,224,62,7509,7659,6638,5714,7784,11007,9718,7912,6355,6128,5696,5018,3838,3505,2754,2239,1673,1034,468,150
01N,E38000158,175268,88667,86601,5477,5498,4733,5118,8305,8156,8314,7475,6283,5988,5485,4777,3844,3350,2293,1568,1058,643,229,73,5254,5322,4605,5335,8915,8235,8159,6538,5230,5096,4983,4230,3593,3309,2468,1858,1564,1118,573,216
01R,E38000151,182633,91059,91574,4960,5526,4992,4936,5431,5778,5754,5492,5760,6938,7311,6222,5217,5350,4509,3170,2102,1129,398,84,4618,5118,4843,4876,5400,5549,5623,5279,5826,6859,6891,5977,5131,5667,4847,3530,2622,1808,829,281
01T,E38000161,154779,76533,78246,4394,4440,4004,4271,4582,5374,5055,4631,4577,5568,6050,5772,4770,4283,3239,2480,1766,906,302,69,4081,4147,3986,4073,4376,5325,5088,4513,4489,5462,6176,5632,4767,4408,3657,3129,2420,1649,661,207
01V,E38000170,123979,60520,63459,2785,3239,3231,3222,3093,3441,3447,3253,3441,4401,4737,4410,3911,4079,3491,2646,2081,1134,394,84,2633,3036,3068,3019,2956,3417,3266,3228,3495,4406,4771,4573,4077,4359,4112,3294,2723,1836,889,301
01W,E38000174,309069,153048,156021,9131,9534,8922,8162,8194,9827,10136,10560,10278,11560,11773,10097,8709,8397,6606,4832,3539,2001,671,119,9027,9038,8166,7597,7831,10163,10597,10439,9977,11238,11375,10131,8593,8661,7518,5808,4683,3237,1459,483
01X,E38000172,196305,97617,98688,5519,5758,5375,5474,5540,6180,6182,5912,6432,7507,7484,6660,5545,5906,4790,3512,2318,1108,364,51,5065,5587,5165,5018,5435,6308,6224,5799,6043,7447,7320,6392,5796,6190,5181,4059,2930,1735,741,253
01Y,E38000182,245804,122307,123497,7577,8072,6982,6796,7219,8380,8387,7762,7774,9528,9656,8254,6746,6702,5247,3478,2223,1056,375,93,7212,7720,6845,6516,7128,8652,8551,7819,7601,8961,9263,7986,6488,6813,5618,4230,2925,1921,910,338
02A,E38000187,239819,119154,120665,7355,8123,7548,6620,6226,7279,8343,8639,8668,9253,9039,7691,6130,5818,4539,3351,2566,1364,494,108,6977,7862,7184,6078,5841,7382,8547,8865,8403,8850,8752,7424,6088,6078,5219,4148,3381,2240,1005,341
02D,E38000189,104967,52445,52522,3045,3336,3014,2855,2918,3262,3299,3097,3447,4090,4277,3588,3202,3027,2495,1624,1034,589,213,33,2787,3113,2859,2650,2758,3250,3274,3107,3323,4080,4163,3595,3037,3158,2571,1876,1387,923,469,142
02E,E38000194,216335,108150,108185,6259,6753,6265,5979,6020,6770,7243,7227,7509,8574,8891,7346,5915,5678,4671,3316,2225,1072,368,69,5936,6427,5974,5694,5728,6945,7296,7105,7113,8250,8364,7075,5796,5876,5083,4036,2667,1713,834,273
02F,E38000196,261271,129023,132248,6822,7324,6885,6961,7771,8269,7976,7935,8019,9842,10069,9079,7677,7774,6363,4675,3151,1700,591,140,6363,6942,6649,6961,8360,8198,8153,7784,8076,9356,9984,8735,7706,8106,6827,5422,4202,2707,1296,421
02G,E38000200,113115,55807,57308,2771,3283,3160,3509,3550,3341,3124,2996,3282,4223,4493,3926,3302,3424,2947,2125,1394,676,237,44,2652,3008,2998,3685,3739,3143,3175,2979,3367,4105,4300,3853,3464,3684,3178,2372,1835,1109,512,150
02H,E38000205,325147,163314,161833,9310,10061,9207,8957,9388,10804,10845,10240,10774,13142,12676,10716,8867,9545,8081,5400,3226,1513,476,86,8663,9526,8740,8277,9197,10749,10640,9871,10125,12372,11863,10292,9101,9761,8530,6025,4119,2501,1135,346
02M,E38000060,151132,74119,77013,3498,3912,3864,4001,3625,4033,4060,3899,4040,5245,5774,5477,4934,5292,4789,3281,2442,1390,457,106,3280,3679,3656,3569,3503,3993,3928,3784,4115,5360,5815,5674,5051,5584,5142,4059,3181,2225,1102,313
02N,E38000001,158419,78333,80086,4306,4959,4843,4577,4018,4469,4509,4609,4834,5726,5940,5465,4979,4901,3919,2678,1971,1109,418,103,4109,4634,4438,4155,3985,4469,4505,4521,4914,5674,5951,5478,4898,5107,4186,3191,2662,1864,984,361
02P,E38000006,257418,128546,128872,7561,8034,7102,6824,7811,8595,8623,7952,8084,10140,9822,8664,7433,7293,5933,4074,2685,1333,490,93,7372,7443,6795,6579,7497,8568,8400,7736,7662,9757,9691,8535,7475,7276,6370,4663,3534,2221,985,313
02Q,E38000008,115648,57607,58041,3150,3320,3112,3190,3315,3645,3395,3210,3512,4269,4611,4057,3583,3678,3109,2046,1343,759,251,52,2984,3259,2882,3037,3229,3430,3317,3175,3519,4313,4432,4016,3572,3863,3210,2277,1719,1107,529,171
02R,E38000019,339227,168077,171150,11527,12722,11490,10221,9828,11325,11936,11860,11031,11929,11700,10431,8951,8139,5661,4168,2873,1556,586,143,11481,11966,11220,9963,9712,11890,12695,11756,10448,11284,11272,10365,8698,8246,6284,5039,4343,2690,1363,435
02T,E38000025,219458,109372,110086,6689,7042,6662,6400,6213,6921,7129,7050,7214,8654,8444,7339,6296,6013,4677,3076,1987,1078,408,80,6239,6897,6461,5743,6001,7112,7185,6855,7099,8442,8133,7162,6126,6161,4956,3552,2775,1908,982,297
02V,E38000094,215005,107381,107624,6745,6751,5998,5578,6212,8657,9280,8959,7832,7467,7108,6088,5146,4911,3920,2717,2225,1191,497,99,6547,6539,5615,5430,6639,8959,8825,7985,6959,7155,6954,6153,5132,5149,4347,3285,2799,1944,884,324
02W,E38000018,128204,68110,60094,5494,5917,5487,5175,6306,6592,7180,6561,4891,3950,2611,2331,1997,1319,679,717,510,274,84,35,5276,5620,5329,4932,6179,5782,5600,4747,3536,3194,2167,1977,1766,1262,803,788,603,357,123,53
02X,E38000044,317090,158192,158898,9485,10041,9036,8839,9327,10711,10883,9966,9703,11388,11902,10794,9207,8791,6997,4901,3558,1860,680,123,8988,9661,8736,8201,9222,10844,10493,9263,9213,11078,11670,10627,9143,9163,7440,5817,4682,2908,1325,424
02Y,E38000052,301587,148825,152762,7340,8033,7950,7850,7695,7907,7600,7642,8598,10777,11620,10985,10093,10915,9387,6503,4486,2426,846,172,6693,7602,7574,7510,7071,7671,7653,7756,9145,11085,11638,10880,10417,11608,9866,7225,5567,3553,1687,561
03A,E38000064,246133,123366,122767,7088,7764,7199,7185,9505,8648,8171,7928,8039,9323,8931,7770,6558,6495,5095,3482,2346,1289,455,95,6816,7495,6861,6884,9004,8071,7820,7802,7786,8897,8596,7511,6507,6681,5515,3990,3153,2095,953,330
03C,E38000096,376537,187172,189365,10091,10119,8568,11303,21931,18949,15825,13861,11960,12099,11524,9761,8071,7763,5871,4075,3045,1627,594,135,9519,9532,8207,13555,26985,17625,14172,11942,10464,11017,10731,9428,7903,8126,6495,4983,4183,2779,1321,398
03D,E38000069,143597,70317,73280,3439,3711,3757,3797,3489,3636,3360,3337,3685,4936,5728,5540,5015,5432,4580,3077,2150,1155,400,93,3216,3555,3574,3413,3337,3877,3647,3616,3872,5351,5893,5617,5187,5514,4736,3484,2648,1683,812,248
03E,E38000073,161885,79887,81998,3862,4613,4561,4274,3831,4261,4459,4921,5145,6314,6660,5994,4967,4922,4179,3026,2131,1213,439,115,3728,4237,4456,4053,3601,4309,4553,4817,5172,6325,6635,5761,4994,5270,4470,3555,2762,1897,1043,360
03F,E38000085,295374,149567,145807,9684,9572,8231,8618,11004,11302,11368,10229,10118,10741,10654,9446,7733,7212,5197,3810,2668,1437,443,100,9042,9127,7715,7978,11388,11723,10834,9055,8687,9615,9811,8903,7496,7082,5598,4437,3715,2327,982,292
03G,E38000095,276681,140606,136075,9662,9770,8318,7670,8446,10613,11454,10946,10208,10238,9769,8033,6435,6198,4907,3566,2565,1284,437,87,9191,9457,8039,7364,8447,10499,10514,9460,8572,9178,8681,7612,6346,6426,5284,4238,3375,2112,953,327
03H,E38000119,169001,84690,84311,4969,5285,4863,4668,4869,5845,5426,4939,5114,6244,6410,5862,4944,4938,3909,2803,2102,1077,339,84,4827,4973,4589,4390,4814,5628,5286,4746,4684,5969,6332,5660,4830,4843,4148,3286,2642,1638,757,269
03J,E38000121,191948,96308,95640,6356,6952,6545,6021,6039,6514,6936,6802,6455,7214,6393,5573,4821,4668,3566,2539,1750,818,288,58,5963,6667,6230,5840,5823,6843,7001,6296,6072,6704,5981,5320,4694,4783,3853,2961,2234,1453,681,241
03K,E38000122,172557,86478,86079,4687,5172,4877,4703,4918,5386,5542,4927,5082,6394,6823,6108,5266,5519,4404,3067,2018,1127,378,80,4561,4910,4622,4494,4631,5233,5150,4787,4941,6246,6464,5929,5337,5530,4600,3296,2631,1670,789,258
03L,E38000141,260737,129722,131015,7615,8337,7605,7387,7823,8591,8299,7907,8084,9905,9786,8553,7371,7335,6090,4221,2787,1397,522,107,7458,7905,7302,7150,7523,8571,8230,7886,7852,9521,9333,8521,7449,7412,6535,4965,3732,2239,1066,365
03M,E38000145,119185,59328,59857,2941,3191,3114,3278,3234,3534,3396,3171,3313,4145,4546,4345,3907,4137,3575,2414,1680,968,357,82,2698,2974,2949,2906,2976,3400,3128,2937,3239,4070,4514,4331,4044,4371,3787,2890,2163,1492,751,237
03N,E38000146,594647,300947,293700,16900,17631,15907,20216,30316,24903,21414,19702,18649,20974,19931,17205,14061,13323,11133,8274,5752,3150,1222,284,16051,16868,15198,19638,29746,22213,19900,17783,16645,19184,18411,16360,13713,13739,12485,9754,7721,5023,2374,894
03Q,E38000188,351348,172165,179183,8531,9363,8767,10514,12806,11463,11022,11043,10793,12429,12801,11539,9687,10029,8391,5606,4086,2242,846,207,7946,8940,8717,11656,14706,11762,10889,10573,10420,12445,12558,11284,9992,10639,8881,6686,5248,3590,1712,539
03R,E38000190,368260,184083,184177,10958,11361,10272,9887,10839,12512,12838,11753,12035,14512,14065,12308,10387,10160,8341,5496,3785,1802,638,134,10264,10797,9652,9451,10478,12764,12433,11165,11231,13981,13645,12031,10445,10545,8899,6475,4987,3035,1409,490
03T,E38000099,246850,121929,124921,5922,6720,6141,6332,6393,6940,6647,6248,6506,8222,8816,8650,8224,9268,8376,5616,3894,2103,766,145,5761,6370,6017,6073,5973,6917,6534,6090,6601,8474,9309,8832,8613,9646,8432,6091,4421,2986,1337,444
03V,E38000037,76199,38040,38159,2649,2756,2310,2028,2110,2716,3070,2874,2503,2810,2884,2499,1955,1648,1266,916,604,294,124,24,2481,2606,2198,2057,2194,2890,3233,2621,2333,2673,2727,2434,1963,1700,1430,1053,780,489,217,80
03W,E38000051,326521,160996,165525,8679,9655,9366,9533,8237,8902,8770,9240,10046,12191,12619,11396,9939,10092,8764,5890,4256,2375,865,181,8111,9054,8949,8568,7823,9078,9138,9856,10429,12353,12829,11338,9892,10679,9299,6738,5491,3610,1711,579
03X,E38000058,97394,48755,48639,2800,2821,2528,2616,2843,3199,3064,3019,3124,3872,3872,3359,2761,2845,2366,1654,1123,618,223,48,2555,2562,2425,2437,2702,3290,3079,2908,2994,3779,3817,3233,2738,2911,2499,1842,1386,922,420,140
03Y,E38000071,103463,51575,51888,2753,3010,2731,2736,3050,3266,3135,2939,3083,4019,4059,3644,3117,3110,2897,1907,1206,639,223,51,2667,2697,2733,2670,2934,3181,3156,2738,3111,3896,3955,3402,3147,3242,2941,2030,1592,1080,532,184
04C,E38000097,396942,201466,195476,13305,13829,12623,13806,18675,16835,17497,16378,13863,12947,11757,10689,8790,7145,4918,3595,2653,1412,571,178,12631,13368,11752,13786,20239,17007,16332,13805,11846,11701,10758,9940,8268,7020,5229,4326,3525,2354,1167,422
04D,E38000100,236719,116312,120407,6683,6903,6290,7211,8649,7685,7407,6736,6782,7994,8457,7457,6413,6648,5879,4095,2819,1540,557,107,6373,6450,5950,7520,9248,7935,7530,6986,6862,8251,8452,7495,6510,6966,6202,4457,3415,2342,1083,380
04E,E38000103,191576,95274,96302,5824,5928,5171,4977,5592,6471,6580,6040,5984,7186,7252,6435,5475,5381,4518,2977,1983,1053,377,70,5594,5768,4924,4696,5579,6648,6471,5919,5755,6851,7140,6333,5448,5397,4866,3463,2649,1725,822,254
04F,E38000107,288138,144355,143783,9931,10969,9474,8275,7730,9814,11190,12221,11598,11056,10008,8457,6960,6159,4464,2852,1755,1004,363,75,9559,10338,8974,7658,7565,10697,11773,11942,10705,10228,9438,8166,7129,6539,4751,3248,2376,1591,880,226
04G,E38000108,671013,335441,335572,20482,22216,19707,18954,19298,21693,22997,23434,23394,26012,25365,20971,17779,17782,14577,9352,6331,3480,1315,302,19622,21029,19355,18014,19463,22584,23162,22469,22386,24636,23912,20423,17586,18696,15196,10160,7743,5414,2706,1016
04H,E38000109,133084,65795,67289,3577,3853,3657,3608,3669,3964,3864,3712,4050,5129,5213,4574,3998,4164,3539,2397,1639,836,296,56,3366,3792,3530,3402,3651,3941,3893,3764,4075,4978,5120,4633,4109,4332,3798,2652,2056,1332,661,204
04J,E38000115,291974,144618,147356,6902,7827,7541,7698,7981,8403,8109,8097,8940,11253,11837,10739,9472,9683,8165,5423,3682,1973,749,144,6826,7678,7204,7114,7437,8132,7861,8037,8834,11127,11652,10600,9450,10050,8838,6339,4826,3209,1599,543
04K,E38000132,372211,192151,180060,11176,11319,9434,14063,25089,20438,17454,14170,11816,11433,10883,8911,7095,6303,4686,3362,2500,1416,488,115,10585,10613,8975,15178,26175,15705,13723,11296,9909,10175,9926,8543,6901,6149,4945,4097,3401,2295,1146,323
04L,E38000133,151353,74583,76770,4387,4608,4188,3826,3974,4644,4645,4675,4621,5815,5898,5109,4244,4507,3656,2630,1826,896,356,78,4214,4255,3838,3707,3930,4990,4855,4752,4799,5647,5712,5026,4489,4642,4011,3088,2344,1541,706,224
04M,E38000134,93623,46389,47234,2629,2774,2341,2310,2566,3148,3136,2953,3003,3614,3516,3027,2612,2716,2374,1607,1126,633,252,52,2459,2544,2326,2180,2510,3114,3183,2899,2913,3387,3522,3010,2627,2947,2498,1920,1510,1011,479,195
04N,E38000142,125076,61374,63702,3329,3838,3676,3311,3116,3377,3471,3859,4214,4720,4747,4224,3571,3805,3142,2090,1594,869,340,81,3139,3660,3371,3187,3253,3392,3702,4115,4234,4805,4763,4235,3699,3843,3463,2440,2027,1443,721,210
04Q,E38000165,132845,65520,67325,3358,3809,3787,3719,3487,3558,3382,3416,3801,5020,5349,4674,4190,4325,3866,2603,1775,950,366,85,3242,3856,3656,3501,3257,3522,3598,3536,4066,5259,5355,4663,4145,4592,4012,2818,2015,1335,679,218
04R,E38000169,548172,275723,272449,15909,17234,16130,16109,17279,18242,18438,18121,18847,21043,20506,17442,14930,14775,12186,8198,5717,3240,1144,233,15248,16517,14904,15117,16382,17721,17887,17334,17160,19804,19690,16831,14817,15211,12791,9345,7495,4976,2472,747
04V,E38000201,384945,194262,190683,10530,11047,10630,12407,14741,12802,11979,11860,12213,14252,14134,12460,11087,11431,9256,6028,4102,2315,802,186,9921,10549,9875,11017,12581,11917,11952,11711,11872,13870,13633,12275,10967,11527,9670,6641,5000,3450,1715,540
04X,E38000013,311103,159431,151672,11114,11983,10711,10232,12134,14304,14331,13026,11633,10855,9240,7828,6353,5019,3891,2932,2162,1166,417,100,10736,11262,10141,10023,13931,13432,12887,11178,9200,9087,8051,6997,5905,5310,4260,3406,2716,1961,882,307
04Y,E38000028,132019,65809,66210,3683,3690,3628,3659,3923,4364,4134,3687,4161,5381,5301,4511,3785,3844,3362,2299,1378,737,229,53,3514,3638,3370,3402,3664,4213,4169,3810,4018,5123,5101,4377,3853,4026,3557,2616,1785,1215,556,203
05A,E38000038,505112,256895,248217,15589,16445,14363,16764,23533,20493,20036,18378,16841,17971,16900,14423,11330,10177,8863,6371,4424,2662,1052,280,14773,15603,13647,16091,23991,19334,18677,16539,14870,15739,15170,12751,10913,10621,9619,7352,5829,3869,2023,806
05C,E38000046,317629,158213,159416,9404,9478,9056,8906,9230,10134,9924,9566,9900,12279,11703,10133,9001,8870,7983,5709,3906,2142,721,168,8930,9039,8698,8326,8999,10020,10102,9341,9547,11566,11248,9749,8935,9266,8397,6576,5136,3497,1520,524
05D,E38000053,139866,69993,69873,4082,4359,4053,3853,3893,4681,4581,4480,4398,5329,5395,4754,4031,3919,3229,2207,1562,823,300,64,3800,4284,3913,3699,3781,4571,4400,4120,4265,5170,5234,4510,3925,3914,3564,2564,2054,1352,589,164
05F,E38000078,185775,91954,93821,4705,5158,4966,4855,4624,5205,5051,4949,5222,6489,6998,6747,6099,6458,5552,3833,2799,1556,571,117,4316,4723,4572,4572,4431,5345,5052,4907,5066,6705,7091,6637,6371,6652,5825,4205,3460,2300,1213,378
05G,E38000126,217407,108498,108909,5325,5844,5570,6507,7340,6670,6425,6214,6622,8172,8092,7424,6603,6979,5910,4037,2721,1437,515,91,4986,5428,5372,6135,7565,6335,6059,5889,6397,7824,7797,7255,6693,7227,6016,4583,3505,2357,1119,367
05H,E38000195,189010,94366,94644,5453,5618,5029,5120,5383,6249,6033,5752,6025,7133,7301,6354,5621,5714,4815,3167,2079,1107,341,72,5093,5432,5070,4884,5117,6236,5983,5649,5697,6890,6957,6182,5461,5967,5017,3588,2679,1726,770,246
05J,E38000139,176311,88011,88300,5101,5473,5109,5084,4745,5519,5572,5680,5821,6515,6567,5765,5304,5262,4341,2736,1860,1106,367,84,4869,5032,4775,4604,4595,5631,5596,5707,5519,6287,6391,5837,5494,5328,4455,3045,2367,1694,826,248
05L,E38000144,578517,297788,280729,20329,21118,19081,18339,21092,25937,25616,23762,21827,21471,18787,15508,12396,10024,8131,6370,4537,2450,817,196,19123,20084,17969,17527,22037,24061,23650,20219,17454,17952,17015,13851,11464,10192,8807,7439,5910,3777,1623,575
05N,E38000147,306336,151357,154979,7489,7992,8252,8821,7892,8254,7972,7713,8576,11200,11874,11014,10016,10587,9328,6435,4473,2427,852,190,6897,7719,7980,8117,7295,8007,7838,7813,8887,11327,12001,10930,10224,11018,9908,7279,5361,3720,1988,670
05P,E38000149,246910,121599,125311,7317,7862,7409,7109,6763,7598,7635,7474,7707,9321,9196,8004,6381,6562,5903,3948,2850,1739,680,141,6961,7387,6914,6448,6724,7812,7896,7775,7769,9119,9137,7978,6605,7084,6485,4687,3954,2767,1349,460
05Q,E38000153,217450,107938,109512,5748,6377,6084,5902,5826,6803,6545,6448,6923,8446,8184,7250,6557,6677,5766,4004,2560,1299,444,95,5513,6040,5645,5513,5709,6569,6492,6405,6833,8106,8153,7424,6809,6903,6315,4483,3253,2053,985,309
05R,E38000164,280782,141148,139634,7016,7811,7480,7176,6830,9139,9351,9715,9689,10799,11003,9600,8222,8297,7443,5016,3559,2056,771,175,6766,7347,7227,6485,6720,8484,8545,8635,9109,10441,10467,9212,8157,8732,7948,5619,4470,3174,1558,538
05T,E38000166,306342,151576,154766,7825,8459,8390,8423,8630,9067,8926,9099,9166,11276,11794,10546,9216,9632,8144,5696,4139,2181,796,171,7438,8116,8021,8448,8641,8917,8869,8866,9136,11169,11514,10284,9530,9977,8694,6508,4930,3425,1714,569
05V,E38000173,147808,74167,73641,3775,4068,3827,3718,4242,4511,4595,4456,4642,5699,5607,5144,4502,4714,4261,2979,1946,1013,385,83,3483,3962,3674,3477,3684,4213,4271,4236,4460,5428,5603,5019,4525,5013,4602,3183,2344,1478,732,254
05W,E38000175,288462,146201,142261,9382,9534,8429,7997,9334,11273,10899,9943,9403,10555,10087,9083,7782,7377,6061,4215,2789,1494,486,78,8945,9510,7909,7584,9098,10615,10085,8879,8313,9672,9331,8456,7479,7334,6343,4907,3821,2533,1125,322
05X,E38000183,183541,91876,91665,5681,6160,5527,5661,6159,6124,6087,5882,6022,7013,6780,5734,4936,4793,3849,2671,1632,842,264,59,5328,5817,5325,5392,6014,6138,6060,5636,5762,6762,6570,5661,4921,5017,4158,2967,2101,1261,568,207
05Y,E38000191,282120,140726,141394,9585,10018,9238,8607,8560,9541,9648,9231,8901,10319,9568,8500,7250,6648,5596,4339,2925,1590,522,140,9112,9433,8722,8161,8585,9993,9962,8850,8357,9629,9225,8266,7008,6852,6103,5064,3983,2539,1173,377
06A,E38000210,274984,138334,136650,9009,9427,8295,7919,8822,10288,10253,9695,9688,10369,9558,8041,6662,6121,4930,3934,2838,1659,637,189,8518,8927,7907,7575,8673,10283,10150,9208,8451,9424,8906,7846,6666,6266,5281,4598,3698,2639,1214,420
06D,E38000211,115212,57388,57824,3008,3218,3113,2907,2923,3224,3168,3141,3566,4343,4413,3856,3474,4134,3692,2419,1609,833,293,54,2905,2991,2879,2806,2742,3153,3115,3059,3405,4359,4292,3699,3616,4339,3840,2660,1948,1181,633,202
06F,E38000010,471779,235650,236129,14788,15538,13950,13300,13411,15036,15642,16259,16068,17927,18179,15594,12621,12194,9903,6687,4742,2627,989,195,14082,14859,13247,11943,12471,15236,16367,16586,15814,17184,17512,14941,12597,12942,10511,7493,6089,3878,1763,614
06H,E38000026,947306,478227,469079,28121,29803,26237,27599,33367,38216,37377,35888,33352,33601,32422,28235,23062,22799,18827,12734,8990,5200,1980,417,26790,27924,24577,26437,32859,36074,35066,32382,30568,32067,31148,27052,23785,23786,19916,14425,11228,7754,3892,1349
06K,E38000049,591919,294212,297707,17979,19113,17370,17139,18006,19047,19503,20643,20481,22532,22973,19314,15236,13857,11438,8096,6253,3659,1294,279,16968,18216,16563,16421,17601,19327,20226,20713,20116,21873,21957,18359,14850,14551,12736,9815,8219,5634,2691,871
06L,E38000086,403520,200716,202804,10790,11844,11683,11397,10425,11937,12527,12671,12636,14371,14898,13389,11832,12636,10552,7332,5331,3078,1121,266,10331,11416,10999,10521,10279,12129,11999,11989,12175,14260,14650,13360,12218,13066,11048,8125,6500,4571,2353,815
06M,E38000063,238040,118717,119323,6037,6659,6112,6420,6814,7513,7015,6686,6788,8182,8566,7813,7273,8247,7317,4970,3442,1977,712,174,5795,6301,6035,6072,6363,6936,6458,6145,6563,8065,8493,7839,7590,8376,7713,5310,4281,3041,1413,534
06N,E38000079,638326,317108,321218,20175,21883,19581,17410,15808,19636,21513,24411,24956,25044,24434,20273,16033,14312,11773,7905,6397,3715,1517,332,19678,20809,18798,16431,16338,20463,22986,24747,23332,23740,22851,19241,15717,15213,12920,9676,8245,5886,3004,1143
06P,E38000102,230360,118143,112217,9005,9111,8134,7063,7205,9237,10258,10212,8656,8160,7634,6224,4936,3928,2964,2378,1777,875,320,66,8381,8682,7616,6673,7713,9573,10117,8848,7205,6932,6666,5480,4507,3790,3235,2649,2131,1303,525,191
06Q,E38000106,387474,191567,195907,11082,11978,11237,11086,10461,11531,11591,12013,12685,14586,14611,12513,11102,11238,9723,6104,4485,2448,911,182,10192,11283,10846,10030,10473,11985,11915,12505,12964,14713,14353,12477,11182,11894,10209,7092,5398,3859,1867,670
06T,E38000117,346715,169816,176899,9554,10125,9247,10286,11909,10941,9725,9754,10061,11701,11632,10499,9332,10565,9563,6584,4595,2596,957,190,9089,9600,8884,9692,12090,10829,10140,10258,10263,11697,11900,10639,10036,11556,10431,7373,5785,3928,2024,685
06V,E38000124,172491,84513,87978,3736,4201,4253,4099,4129,4018,3908,3915,4518,5846,6198,6014,5944,7119,6434,4267,3243,1836,688,147,3529,4002,3928,3973,3820,3829,3926,4041,4667,5922,6441,6443,6473,7479,6630,4660,3787,2639,1317,472
06W,E38000131,219959,109038,110921,5989,6018,5109,6146,9657,9313,8641,8183,7452,7577,7151,6001,5090,5161,4194,3031,2293,1386,526,120,5665,5730,4888,6831,11768,9632,8173,7299,6440,6693,6485,5738,5422,5286,4627,3508,3019,2252,1084,381
06Y,E38000159,237531,117388,120143,6490,6863,6662,6639,5970,6625,6692,6767,7064,8512,8886,7775,6922,7690,6966,4824,3335,1881,674,151,6315,6498,6060,6244,5887,6700,6849,6836,7316,8644,8799,7889,7371,8074,7125,5092,3976,2724,1294,450
07G,E38000185,173375,85895,87480,6403,6603,5721,5151,5069,5710,6063,6269,6185,6430,6207,5040,3993,3905,2891,1881,1282,770,279,43,6000,6265,5358,4820,5088,6320,6879,6675,6159,6148,5843,4688,3954,4000,3194,2366,1750,1214,582,177
07H,E38000197,307828,151330,156498,9638,10248,9143,8642,8189,9149,9762,10506,10296,11306,11463,10183,8332,7760,6353,4255,3213,2005,728,159,9235,9648,8655,7854,7924,10004,10819,10861,10381,11491,11567,9953,8385,8097,6959,5059,4270,3181,1595,560
07J,E38000203,173804,85315,88489,4357,4675,4417,4295,4589,4915,4820,4533,4882,5838,6181,5787,5396,6074,5558,3911,2830,1560,583,114,4226,4499,4137,4182,4259,5114,4787,4424,4940,5949,6243,5991,5840,6575,5874,4401,3329,2267,1104,348
07K,E38000204,248162,123057,125105,6459,7065,6645,6487,6197,7277,7429,7835,7879,9234,9423,8162,7156,7974,6919,4853,3374,1824,699,166,6162,6749,6467,5961,6211,7488,7366,7478,7696,8953,9230,8048,7710,8445,7578,5238,3904,2668,1334,419
07L,E38000004,220062,109837,110225,9726,9938,8242,6754,6639,8291,9488,9487,8769,7918,6902,5444,3797,2925,1984,1468,1089,673,256,47,9286,9637,7837,6596,6894,9365,10474,9565,7931,7108,6299,4762,3737,3042,2358,1941,1562,1146,525,160
07M,E38000005,413623,200903,212720,13595,14139,12301,10752,11680,16264,17465,17608,15590,13982,12812,10954,8932,7821,6117,4327,3488,1995,867,214,13007,13485,11806,10451,14075,18426,19033,17863,15065,14113,12928,11250,9339,8752,7344,5408,4560,3277,1851,687
07N,E38000011,237751,114929,122822,7881,8206,7184,7059,6825,7692,7404,7793,7542,8284,8527,7367,5737,5351,4343,3248,2461,1386,523,116,7370,7847,7004,6592,7099,8504,8620,8634,7967,8638,8925,7422,5994,5920,5126,4073,3366,2287,1068,366
07P,E38000020,367920,189677,178243,11682,11794,10703,10069,11403,17587,20442,18821,15531,14039,12463,10037,7780,5688,4112,3349,2425,1229,417,106,11059,11362,10216,9560,11986,17266,17914,15610,12733,11862,11204,9615,7309,5968,4761,3917,3120,1741,786,254
07Q,E38000023,344886,168878,176008,10787,11288,10204,9175,8565,10024,11099,12441,12733,13258,13125,10995,8555,8328,6761,4614,3675,2204,857,190,10190,10901,9700,8547,8661,11171,12247,13481,12581,12879,12819,10638,8643,8990,7682,5965,4998,3595,1705,615
07R,E38000027,275867,133297,142570,6425,6270,5472,6455,13470,16822,16852,14075,10650,8724,7266,5561,4339,3600,2871,1946,1356,793,287,63,5959,6051,5538,7524,21005,20655,16817,12107,9176,7712,6529,5351,4474,4095,3419,2443,1778,1142,572,223
07T,E38000035,309593,153224,156369,10705,10100,8789,7666,8680,16047,19489,16638,12450,10810,9593,7240,4971,3639,2376,1815,1294,657,224,41,10330,9695,8403,7603,10902,20798,21390,15354,10746,9226,8545,6669,5017,3751,2726,2137,1552,938,447,140
07V,E38000040,405559,203435,202124,13806,13887,12149,12037,11862,15126,16792,17049,15405,15114,15033,12254,9304,7870,5798,4239,3218,1718,639,135,13180,13335,11589,10935,11816,16269,17394,16122,13919,14300,14285,11602,9043,8058,6606,5188,4002,2646,1353,482
07W,E38000048,429105,222683,206422,13783,14559,12578,11600,12627,19291,23115,22771,19407,16868,14617,11647,8790,7128,4995,4013,2809,1397,554,134,13049,13750,11792,10732,13224,19281,20600,18756,15443,13539,12435,10530,8719,7264,5734,4604,3458,2142,1032,338
07X,E38000057,332558,162008,170550,11888,12542,11123,10154,9607,11405,12146,12739,11661,11828,11402,9509,7048,5948,4747,3551,2617,1473,508,112,11373,11922,10776,9516,10115,13298,14093,13535,12017,11900,11461,9409,7529,6419,5441,4508,3529,2257,1089,363
07Y,E38000084,306710,157774,148936,10645,10590,8841,7630,8214,13404,17256,16821,13391,11373,9966,8151,6283,5166,3847,2789,1934,1030,361,82,10194,9855,8264,7155,8697,13518,15642,14065,10824,9969,8933,7659,6305,5526,4176,3181,2457,1500,763,253
08A,E38000066,289258,141740,147518,11145,10530,8485,7448,8426,11742,13101,12766,11185,10650,9564,7719,5719,4567,3526,2341,1647,853,269,57,10649,10174,8241,7559,9879,13682,14780,13330,10976,9951,8994,7316,5594,4858,3978,2945,2219,1441,711,241
08C,E38000070,210665,104166,106499,5669,5530,4778,4126,5897,11584,13906,11937,9021,7603,6453,4902,3662,3115,2303,1623,1135,615,244,63,5509,5494,4702,4166,8089,15211,13323,9901,7690,7050,6001,4581,3727,3288,2693,2144,1428,940,402,160
08D,E38000072,312744,154582,158162,9656,9353,8526,7784,8848,14766,16639,15640,13132,11966,10893,8169,5917,4509,3265,2561,1775,831,291,61,9271,9177,8188,7659,10692,17326,17081,14669,12017,11144,10304,8005,6123,5176,3902,3059,2248,1369,554,198
08E,E38000074,261917,131325,130592,8448,8628,7732,7730,7785,10563,11697,11774,9722,8637,8247,7167,6222,5146,4157,3298,2437,1302,504,129,8050,8310,7119,6422,7993,10741,11642,10718,8419,8327,8181,7366,6420,5757,4853,3875,3081,2036,911,371
08F,E38000077,274197,133198,140999,8741,8761,7647,7592,7867,9161,9250,9195,8581,9350,9625,8855,7001,6718,5385,3786,3055,1870,630,128,8492,8273,7589,7321,8102,9956,10192,9566,8601,9384,9969,8743,7095,7223,6366,4890,4297,3084,1424,432
08G,E38000082,306654,155772,150882,10622,10624,9066,9352,10704,11722,12704,13123,11594,11256,10673,9040,7053,5768,4500,3275,2564,1451,553,128,9943,10268,8499,8581,10314,11877,12854,12127,10102,9948,9604,8116,6578,5973,4999,4051,3441,2199,1026,382
08H,E38000088,245249,119859,125390,6670,5917,5016,4996,7586,14184,16953,13137,9511,8567,7685,5738,4185,3452,2445,1753,1147,636,239,42,6195,5712,4822,5129,10380,19071,17852,11861,8407,7511,7071,5490,4177,3560,2849,2111,1597,1016,434,145
08J,E38000090,204510,101709,102801,6425,6486,5637,5075,6998,7617,8117,9136,8768,8204,7253,5682,4339,4009,3107,2034,1508,871,337,106,6212,6388,5563,5616,9159,8025,8293,8565,7864,7020,6360,5246,4332,4102,3280,2446,1882,1419,734,295
08K,E38000092,398743,200946,197797,10990,10172,9170,8682,11709,24658,25958,21951,17271,15600,13915,10079,6814,4974,3362,2517,1760,961,316,87,10457,9912,8928,8325,15613,30650,25196,18524,13998,12677,11773,9042,6406,4951,3837,3108,2172,1430,604,194
08L,E38000098,322001,157987,164014,11449,10486,8789,7994,9302,13987,16470,15592,13115,11979,11115,8523,5859,4376,3226,2516,1823,961,333,92,10804,10165,8611,7843,11143,16844,17601,15455,12184,11296,11052,8297,5978,4668,3893,3201,2378,1605,739,257
08M,E38000113,388116,202400,185716,14455,13834,11940,10916,13271,23062,25979,21282,16314,13804,11172,8804,6242,4074,2641,2160,1474,715,213,48,14035,13542,11693,10593,15030,21875,21358,16691,12651,11237,9764,7728,5847,4475,3196,2645,1785,976,446,149
08N,E38000138,309417,154343,155074,11737,11390,10195,9108,8758,12353,14348,14094,11787,10463,9412,8051,6307,5392,3946,2968,2185,1238,502,109,10958,10936,9560,8413,9208,13522,15097,13524,10549,9918,9042,7791,6633,5678,4531,3592,2819,1976,1018,309
08P,E38000140,214089,106602,107487,6799,7517,6175,5087,4760,5996,7290,9599,10169,9489,8673,6527,4955,4637,3633,2294,1576,924,391,111,6684,7128,6179,5178,5597,6769,7946,9744,9089,8346,7461,5994,4900,4925,4026,2702,2057,1580,869,313
08Q,E38000171,321332,160503,160829,9970,9400,7961,7202,10202,17836,19079,16675,13388,12323,11132,8523,5582,4034,2795,2051,1305,723,260,62,9622,9100,7711,7313,13136,20427,18747,15159,11879,10597,10116,7701,5385,4146,3196,2625,1972,1258,574,165
08R,E38000105,223444,112893,110551,7282,7573,6308,5296,5762,8903,10974,11533,10109,8689,7629,6075,4725,3979,2944,2249,1554,890,330,89,6972,7187,5982,5215,6496,9867,10755,10322,8332,7441,6907,5729,4723,4236,3212,2677,2064,1464,708,262
08T,E38000179,191670,94681,96989,6478,6835,5792,5278,5127,6060,6744,7583,7390,7395,7199,5754,4480,3887,3256,2211,1724,1026,376,86,5980,6375,5540,4864,5080,6566,7557,7831,7053,7032,7006,5549,4507,4318,3763,2750,2432,1695,787,304
08V,E38000186,309643,158657,150986,10464,9519,8178,7690,11968,22115,23613,18287,12891,9586,7124,5649,3823,2479,1796,1523,1106,628,183,35,10050,9019,8112,7951,15375,24773,21814,14506,9276,6634,5538,4536,3757,2878,2130,1885,1383,892,365,112
08W,E38000192,306125,154810,151315,11148,10628,9032,8089,9066,13573,15852,15160,12824,11835,10088,8112,5826,4486,3319,2618,1793,976,310,75,10591,10040,8569,7705,9698,14644,15798,13749,11251,10210,9514,7529,5852,4744,3815,2997,2246,1365,735,263
08X,E38000193,392057,194857,197200,12292,10979,8527,7250,10056,21691,25769,24050,18652,14212,11787,8457,6150,5112,3744,2830,1883,973,360,83,11796,10593,8299,7488,14597,28860,26282,20318,14229,11772,10187,7710,6347,5660,4433,3415,2554,1608,789,263
08Y,E38000202,242462,121163,121299,6099,6106,5364,4740,6003,9884,12219,12755,11778,10784,9780,7157,5202,4575,3433,2400,1609,863,315,97,5780,5969,5280,4791,7612,13278,14202,11829,9679,8624,7734,6160,5158,4700,3740,2815,1828,1255,605,260
09A,E38000031,216340,112311,104029,4585,4442,3739,5159,10909,12358,12400,11942,10254,8821,7677,5763,4016,3398,2699,1745,1260,781,282,81,4419,4244,3737,5642,13647,12550,11668,9003,7196,6085,5528,4572,3821,3449,2831,2152,1656,1128,522,179
09C,E38000002,130803,64317,66486,4000,4220,4061,4268,3733,3989,3878,3904,4045,4905,4771,4075,3395,3529,3115,1995,1329,760,294,51,3812,4223,3944,3604,3604,4310,4210,4121,4237,5096,4823,3968,3524,3839,3337,2248,1691,1114,557,224
09D,E38000021,311300,156248,155052,7286,7942,7115,8477,13149,14283,13497,13117,12657,12922,11853,8899,6788,6094,4593,3188,2330,1382,518,158,7030,7630,7036,9835,16234,13984,12642,11858,11162,11283,10254,7809,6236,6015,4952,3788,3162,2328,1302,512
09E,E38000029,224342,109371,114971,5115,5731,5956,8155,11446,7867,6465,5872,5969,6872,7254,6473,5917,6385,5392,3827,2485,1468,588,134,4665,5478,5448,8763,13032,7286,6217,5909,6215,7076,7377,6785,6210,6900,6024,4234,3275,2417,1241,419
09F,E38000055,194671,94136,100535,4796,5415,4969,5350,5165,5449,5230,5231,5293,6421,6751,6325,5492,6306,5662,4122,3165,1950,848,196,4805,4896,4777,5087,5146,5494,5513,5354,5452,6428,6940,6374,6199,7077,6549,4870,4106,3188,1653,627
09G,E38000213,509449,248325,261124,12753,14115,13144,13108,13361,14081,13819,13971,14660,17666,18813,16733,15000,16385,15060,10683,7804,4814,1897,458,12036,12966,12164,12674,13042,14117,13702,14368,15071,17808,18771,17123,15980,18331,16994,12601,10198,7583,4065,1530
09H,E38000039,130880,65819,65061,4533,4548,3978,3678,3637,4707,5442,5551,4914,4921,4709,4085,3157,2681,1979,1342,976,679,242,60,4077,4274,3714,3333,3781,5123,5548,5243,4384,4483,4312,3840,3134,2828,2150,1563,1457,1191,494,132
09J,E38000043,263810,129518,134292,8666,8952,8072,7550,7320,8462,9067,9039,8535,9433,9541,7972,6624,6313,5266,3662,2769,1614,542,119,8493,8681,7662,6970,7476,9528,9793,9203,8455,9447,9313,7943,6713,6770,5908,4435,3714,2368,1078,342
09L,E38000054,181197,89586,91611,5808,6166,5343,4920,4360,5246,5665,6678,6748,7062,7021,5773,4702,4474,3648,2464,1791,1118,495,104,5442,5796,5328,4768,4258,5556,6222,6791,6476,6879,6600,5503,4651,4703,4018,2932,2503,1837,988,360
09N,E38000214,224670,111072,113598,5845,6776,6518,7460,7448,6774,6739,7318,7905,8378,8383,7159,5867,5624,4776,3177,2578,1549,647,151,5536,6469,6222,7658,8157,6815,6505,7128,7530,7935,8094,7009,5787,6014,5244,3915,3295,2412,1341,532
09P,E38000076,187486,91781,95705,4710,5178,5011,5093,4967,5063,4927,4834,5180,6426,7162,6383,5782,6559,5681,3750,2724,1564,638,149,4407,4945,4556,4916,4616,5336,4870,4962,5237,6559,6961,6405,6313,7045,6101,4443,3562,2599,1350,522
09W,E38000104,297356,146510,150846,9774,10145,9006,9169,8838,9934,9989,9792,9381,10652,10879,9294,7841,7394,5958,4002,2625,1332,413,92,9222,9634,8999,8528,9160,10743,10506,10153,9540,10483,10739,9432,7876,7911,6373,4550,3436,2198,1006,357
09X,E38000083,237458,117062,120396,6763,7335,7175,7050,5668,6265,6740,7555,8196,9210,9333,8043,6712,6498,5531,3596,2775,1791,682,144,6259,7231,6842,6426,5367,6409,6900,7846,8336,9224,9208,7840,6726,6894,6162,4291,3720,2775,1421,519
09Y,E38000128,368988,184231,184757,11535,12244,10719,9356,9060,11194,12490,14493,14286,14569,14458,12047,9329,8486,7187,5092,4098,2325,1006,257,11094,11541,10089,8742,9321,11891,13219,14140,13596,13504,13313,11169,8975,8922,7800,6087,5158,3656,1849,691
10A,E38000156,203831,99694,104137,5446,5934,5685,5930,5499,5653,5234,5363,5475,6967,7695,6922,6289,6895,5868,3953,2764,1447,530,145,5332,5767,5324,5470,5321,5930,5697,5734,5979,7020,7444,7134,6636,7138,6297,4414,3408,2407,1234,451
10C,E38000178,96083,47660,48423,2786,2986,2765,2633,2470,2860,2952,3302,3462,3880,3802,3232,2604,2399,2105,1456,1087,625,199,55,2593,2874,2646,2446,2532,2958,3093,3332,3410,3717,3634,3090,2587,2580,2274,1663,1478,898,451,167
10D,E38000180,111535,55406,56129,3746,3812,3416,3325,3261,3604,3537,3369,3363,3900,4071,3488,3069,3181,2658,1710,1081,573,215,27,3417,3548,3253,3107,3248,3800,3725,3508,3404,3848,4005,3511,2970,3318,2772,1867,1350,931,397,150
10E,E38000184,144328,70235,74093,4222,4547,4254,4243,3865,4176,3941,3952,3961,4671,4961,4586,4113,4630,4048,2648,1858,1047,415,97,3917,4225,3876,3835,3972,4545,4320,4138,4254,4855,5075,4721,4573,4934,4386,3076,2410,1771,870,340
10G,E38000017,140544,69959,70585,4051,4646,4580,4391,3670,4204,4547,5054,5292,5587,5674,4754,3742,3289,2526,1699,1277,685,230,61,3758,4474,4423,4247,3636,4436,4760,5251,5134,5409,5458,4641,3631,3292,2810,2025,1551,1015,470,164
10H,E38000033,340359,167528,172831,9906,11301,10660,9383,8679,9664,9930,11212,11849,12920,13165,11213,9264,8524,7284,5324,3991,2270,802,187,9625,10821,10423,9224,8932,10277,10553,11735,11786,12960,12580,10937,9145,9014,8081,6127,4970,3394,1677,570
10J,E38000120,224153,111706,112447,6756,7304,6518,6208,5758,6805,7483,7833,8125,8910,8780,7448,5848,5811,4876,3252,2213,1207,467,104,6352,6836,6146,5783,5709,7253,7795,7878,7747,8531,8533,7209,5935,6164,5200,3666,2700,1773,921,316
10K,E38000059,204106,99865,104241,5586,6089,5651,5632,5617,5773,5738,5476,5882,7210,7750,7402,5985,6159,5385,3643,2677,1566,527,117,5426,5774,5253,5158,5187,5956,6118,6054,6356,7594,7897,7179,6082,6600,5951,4276,3518,2355,1137,370
10L,E38000087,143498,70174,73324,3349,3649,3591,3785,3674,3833,3650,3546,3677,4800,5309,4922,4734,5357,5050,3212,2198,1220,499,119,3165,3351,3371,3457,3356,3736,3558,3610,3889,5071,5437,5218,5236,5727,5303,3548,2784,2002,1092,413
10M,E38000110,118530,59324,59206,3450,3885,3700,3553,2982,3538,3827,3972,4249,4826,4577,4015,3243,3120,2639,1623,1144,660,271,50,3240,3620,3684,3374,2893,3598,3812,3905,4185,4577,4358,3735,3238,3326,2708,1820,1444,988,529,172
10N,E38000114,110839,55265,55574,3477,3784,3261,2938,2638,3308,3844,4265,4298,4296,4221,3538,2842,2690,2188,1608,1104,669,245,51,3229,3643,3124,2733,2616,3628,3988,4264,4111,4038,3922,3294,2841,2872,2456,1836,1389,928,500,162
10Q,E38000136,727539,363365,364174,20131,21613,20548,22788,27783,27314,25817,25086,23805,25919,26348,22241,18087,17528,14295,10212,7527,4345,1637,341,18747,20575,19183,22065,27984,26850,26000,24255,22954,25228,25115,21596,18060,18084,15815,11792,9060,6381,3272,1158
10R,E38000137,227288,114628,112660,6820,6674,5831,7363,11590,9362,9277,8451,7457,7905,7694,6580,5208,4673,3840,2546,1835,1009,419,94,6590,6440,5546,7054,11225,9659,9033,7461,6587,7228,7160,6033,5087,4706,4076,3128,2490,1842,962,353
10T,E38000148,156688,79761,76927,6347,6656,5426,4460,4401,6029,7533,7729,6604,5725,4779,4103,3307,2332,1482,1278,910,466,155,39,6119,6435,5132,4251,4631,6389,7993,7317,5537,4811,4194,3718,2885,2208,1662,1398,1149,706,291,101
10V,E38000154,213450,104676,108774,5694,6150,5978,5817,5779,6055,5854,5640,6116,7442,8198,7689,6586,6406,5797,3944,3015,1735,656,125,5409,5850,5714,5607,5395,6045,5922,5903,6201,7860,8443,7723,6581,6907,6369,4749,3817,2613,1237,429
10W,E38000160,143573,73312,70261,4629,4333,3473,4455,6958,7280,7518,7173,5852,5000,4354,3515,2592,1991,1580,1151,810,448,162,38,4452,4153,3366,5086,8631,7287,7249,5706,4324,4039,3690,2969,2331,2012,1634,1235,1009,648,327,113
10X,E38000167,282392,144959,137433,8455,8510,6686,9123,15686,13269,12646,11752,10193,9077,8794,7575,6279,5524,4443,2981,2109,1245,511,101,7983,7877,6457,8944,16173,12805,11362,9794,7979,7685,7709,6971,5847,5687,4649,3411,2715,2063,987,335
10Y,E38000003,211460,104688,106772,6508,6971,6562,6199,5384,6138,6188,6666,7260,8075,8496,7270,5916,5564,4509,3107,2233,1122,409,111,6146,6698,6256,5589,5423,6358,6664,7079,7335,8164,8184,7029,5886,5843,4937,3393,2681,1831,923,353
11A,E38000198,556774,272196,284578,14444,16062,15605,15599,14436,15073,14730,15710,16972,19874,20918,19279,16459,17068,15160,10382,7701,4559,1757,408,13846,15552,14640,14843,15037,15539,15392,16479,17374,20172,21504,19079,17014,18586,16174,11950,9575,7020,3530,1272
11C,E38000207,155534,77413,78121,4462,4919,4669,5003,4682,4617,5081,5824,6033,6091,5820,4819,3819,3627,2966,2061,1549,936,362,73,4243,4610,4055,4576,5860,4841,5539,5779,5542,5629,5290,4508,3772,3789,3212,2423,2028,1453,725,247
11D,E38000209,161948,80586,81362,4899,5661,5143,4494,3779,4419,4608,5772,6377,6518,6325,5465,4264,4057,3377,2395,1709,960,296,68,4655,5287,4855,4071,3729,4402,5057,6078,6137,6260,6127,5191,4272,4384,3780,2734,2122,1367,655,199
11E,E38000009,202698,98623,104075,5050,5484,5442,7070,9595,6167,5497,5493,5822,6697,7007,6349,5470,5404,4568,3205,2293,1354,531,125,4815,5204,5177,7598,10514,6658,5871,5749,6007,7074,7068,6134,5463,5604,4941,3647,2941,2148,1103,359
11H,E38000022,504498,253055,251443,15779,15165,12403,14680,22296,23151,23909,21533,17919,16928,16010,13183,10647,9686,7537,5271,3700,2208,877,173,15079,14477,12134,15482,24670,24666,23469,19458,15508,14656,14618,12395,10284,9619,7878,6028,5048,3508,1822,644
11J,E38000045,793397,391021,402376,19146,21035,19912,21297,22302,23484,23373,23799,23782,27667,28890,26423,23408,25462,22579,15598,11953,7276,2920,715,18232,20038,19101,20904,23177,23323,23372,22635,22664,26709,27993,26554,24556,27412,24190,17677,14923,11145,5685,2086
11M,E38000062,635601,310680,324921,17440,18875,17817,18637,18579,17802,17809,17815,18516,22473,23762,21558,18881,19124,15939,11322,7804,4380,1764,383,16585,18207,17190,18261,17997,19288,19321,19135,19594,23234,24543,21595,19059,19787,17060,12469,9754,6918,3668,1256
11N,E38000089,567839,277070,290769,14392,15790,14882,15416,15896,15634,14699,14863,15785,18719,20383,19321,18274,20003,17558,11319,7830,4401,1534,371,13822,14816,14182,14893,16089,15821,15407,15549,16672,20009,21308,20092,19278,21402,18259,12391,9672,6591,3345,1171
11T,E38000125,217818,106906,110912,5945,6760,5979,5745,5288,5784,6024,6420,6881,8000,8231,6971,6341,6831,6086,4133,2951,1707,670,159,5592,6160,5789,5472,5195,5977,6319,6750,6846,7926,7912,7261,6659,7342,6615,4757,3730,2674,1373,563
11X,E38000150,568166,280003,288163,14575,16034,15931,16739,14873,16013,15562,15111,16114,19928,21363,19295,17386,19218,16233,10958,7891,4650,1722,407,13993,15450,15122,15281,14045,16112,15472,15274,16433,20230,21272,19741,18354,19955,17253,12467,9677,7004,3778,1250
12A,E38000155,266676,132209,134467,8040,8427,7577,7448,7771,8621,8806,8883,8749,9925,10159,8465,6917,6812,5951,4189,3035,1701,610,123,7679,7990,7338,6780,7418,9025,9104,8914,8508,9929,10111,8161,7029,7142,6521,4836,3891,2542,1132,417
12D,E38000181,231515,114432,117083,7836,8175,6948,6375,6338,7188,7940,8178,8138,8593,8775,7584,6006,5359,4206,2956,2107,1201,434,95,7574,7745,6565,6161,6445,8242,9016,8501,8093,8491,8404,7020,5858,5405,4541,3352,2672,1818,893,287
12F,E38000208,335116,165163,169953,9384,10127,9605,9087,9364,10688,10042,9764,10086,11954,12397,11736,10025,10071,7976,5616,3978,2297,775,191,8769,9606,9029,8678,8818,10499,10379,9749,10206,12039,12771,11533,10351,10421,8716,6896,5393,3719,1771,610
13P,E38000012,720210,362320,357890,24630,26119,23679,23336,24861,26994,27352,26734,25172,25445,23789,20655,16413,14546,12027,8590,6488,3784,1374,332,23321,24966,22792,22904,25610,26702,26746,24366,21718,23322,22644,19352,16207,14970,13083,10344,8921,6021,2891,1010
13T,E38000212,520441,263863,256578,14069,14594,12704,15986,25060,24703,21568,18592,16416,17287,17522,15776,13026,12028,9168,6704,4941,2623,915,181,13433,13817,12368,16223,25784,21768,18728,15954,14364,15648,16453,15030,12801,12293,9953,8446,6665,4262,1941,647
99A,E38000101,521357,260924,260433,14960,14468,12799,15040,23698,22982,21481,18857,16496,17707,18037,16524,13612,11670,8554,6339,4549,2293,724,134,14266,13937,12445,16214,26614,21854,19933,16463,14406,15974,17461,16288,13367,12017,9373,7693,6150,3847,1653,478
99C,E38000127,217939,106853,111086,6101,6464,5936,5666,5781,6651,6992,7316,7025,7900,8303,7386,6531,6296,4812,3247,2528,1355,464,99,5655,6029,5658,5253,5647,6909,7516,7467,7142,7891,8145,7634,6803,6618,5307,4147,3469,2370,1072,354
99D,E38000157,164984,81066,83918,4326,4806,4395,4470,4017,4573,4686,4708,5011,6005,6238,5648,4879,5347,4570,3193,2320,1281,466,127,4099,4493,4326,4162,4050,4676,4816,4737,5215,6137,6204,5602,5169,5641,4947,3618,2786,1961,954,325
99E,E38000007,276251,136221,140030,8730,8900,8344,7858,7827,8972,9241,9122,9164,10159,10095,8898,6992,6893,5669,3842,2998,1766,620,131,8355,8471,7858,7423,7628,9191,9635,9351,9084,9923,10041,8618,7333,7430,6432,4839,4061,2706,1238,413
99F,E38000030,184465,90887,93578,4588,4991,5058,5250,5356,5324,4987,4963,5473,6786,7089,6291,5310,5898,5326,3566,2690,1370,469,102,4305,4809,4779,5015,4927,5245,5056,5091,5609,6851,6874,6067,5564,6510,5946,4282,3312,2033,1022,281
99G,E38000168,186689,93037,93652,5518,5897,5225,5165,5213,5882,6170,6519,6540,7049,7069,6252,4864,4883,4086,2807,2065,1250,467,116,5322,5552,4917,4794,5150,6037,6334,6294,6259,6646,6573,5718,4877,5131,4513,3209,2678,2077,1132,439
99H,E38000177,305573,150305,155268,8380,9921,9386,8862,7418,7888,8073,9829,10921,11913,12168,10420,8381,8082,6970,4645,3717,2236,875,220,8166,9475,9079,8362,7715,8046,8452,10348,11000,11728,11747,10116,8358,8515,7630,5726,4742,3500,1885,678
99J,E38000199,484306,237650,246656,14530,16260,15169,14045,12017,13538,13969,15023,16271,18250,18257,15577,12772,12982,11378,7533,5533,3211,1085,250,13763,15024,14461,13414,12053,14455,14993,15884,16943,18522,18435,15493,13005,13946,12190,8859,7106,4895,2398,817
99K,E38000081,169508,83114,86394,4118,5055,5126,4785,4213,4322,4079,4256,5023,6329,6793,6146,5366,5410,4846,3089,2240,1297,508,113,3856,4668,4799,4609,3903,4193,4131,4577,5360,6644,6900,6098,5601,5903,5250,3645,2851,1980,1011,415
99M,E38000118,225906,111857,114049,6921,7310,6837,6343,6193,6817,6989,7493,8194,9021,8890,7240,5678,5518,4898,3399,2299,1248,465,104,6530,7056,6321,5915,6425,7226,7552,7946,8188,8766,8447,6795,5788,6000,5183,3845,2897,1858,1002,309
99N,E38000206,482997,234289,248708,13130,14733,14125,13889,12206,11918,11782,12074,13856,17467,18617,17277,14890,15112,12808,8819,6359,3544,1351,332,12178,14054,13721,13277,11920,13500,13379,13719,15874,18607,19462,17309,15225,15872,13769,9943,7740,5417,2801,941
99P,E38000129,918593,447508,471085,23829,25756,23967,26680,32078,26433,25151,24652,25090,30303,31998,30040,27164,29077,25440,17155,12322,7061,2639,673,22225,24497,22721,26668,32877,27465,26830,25846,26236,31651,33440,31106,28537,30493,26999,19497,15645,10847,5563,1942
99Q,E38000152,289640,141084,148556,6916,7767,7637,7774,7473,7758,7163,6939,7766,9703,10659,10055,9610,10472,9273,6062,4313,2536,950,258,6768,7235,7120,7197,6918,7829,7454,7511,8223,10250,11316,10584,10034,10936,9758,6972,5562,3996,2157,736
